1,-1073741816,1.1,3.3,3.1,3.2
1,1073741831,4,4.1,3.1,3.2
1,-2147483644,4,4.1,3.1,3.2
1,-1073741819,4,4.1,3.1,3.2
1,-1073741817,4,4.1,3.1,3.2
1,1073741833,4,4.1,3.1,3.2
1,1073741835,4,4.1,3.1,3.2
1,-1073741818,4,4.1,3.1,3.2
1,-1073741815,4,4.1,3.1,3.2
1,1073741829,4,4.1,3.1,3.2
1,1073741832,4,4.1,3.1,3.2
1,1073741830,4,4.1,3.1,3.2
1,1073741836,4,4.1,3.1,3.2
1,-1073741820,4,4.1,3.1,3.2
1,1073741837,4,4.1,3.1,3.2
1,-2147483643,3.7,4.1,3.1,3.2
1,1073741839,4,4.1,3.1,3.2
1,-1073741809,4,4.1,3.1,3.2
1,1073741834,3.5,4.1,3.1,3.2
1,-1073741814,4,4.1,3.1,3.2
1,-1073741812,4,4.1,3.1,3.2
1,-1073741813,4,4.1,3.1,3.2
1,1073741838,4,4.1,3.1,3.2
1,-1073741805,4,4.1,3.1,3.2
1,-1073741806,4,4.1,3.1,3.2
1,-1073741811,4,4.1,3.1,3.2
1,1073741842,4,4.1,3.1,3.2
1,1073741845,4,4.1,3.1,3.2
1,-1073741810,4,4.1,3.1,3.2
1,1073741840,4,4.1,3.1,3.2
1,-1073741802,4,4.1,3.1,3.2
1,1073741841,4,4.1,3.1,3.2
1,-1073741804,4,4.1,3.1,3.2
1,-1073741803,4,4.1,3.1,3.2
1,1073741847,4,4.1,3.1,3.2
1,1073741844,4,4.1,3.1,3.2
1,1073741843,4,4.1,3.1,3.2
1,-2147483641,3.7,4.1,3.1,3.2
1,-1073741807,4,4.1,3.1,3.2
1,-1073741808,4,4.1,3.1,3.2
1,1073741848,4,4.1,3.1,3.2
1,1073741849,4,4.1,3.1,3.2
1,-2147483642,4,4.1,3.1,3.2
1,1073741846,1.1,3.3,3.1,3.2
1,-1073741799,1.1,3.3,3.1,3.2
1,-2147483639,4,4.1,3.1,3.2
1,1073741852,4,4.1,3.1,3.2
1,-1073741798,4,4.1,3.1,3.2
1,1073741850,4,4.1,3.1,3.2
1,-1073741797,4,4.1,3.1,3.2
1,1073741853,4,4.1,3.1,3.2
1,-1073741794,4,4.1,3.1,3.2
1,-1073741800,4,4.1,3.1,3.2
1,-2147483638,4,4.1,3.1,3.2
1,-2147483634,3.9,4.1,3.1,3.2
1,1073741855,4,4.1,3.1,3.2
1,1073741854,4,4.1,3.1,3.2
1,-2147483630,4,4.1,3.1,3.2
1,-1073741801,4,4.1,3.1,3.2
1,-1073741793,4,4.1,3.1,3.2
1,-2147483640,4,4.1,3.1,3.2
1,-2147483635,4,4.1,3.1,3.2
1,1073741851,4,4.1,3.1,3.2
1,-1073741796,4,4.1,3.1,3.2
1,1073741858,4,4.1,3.1,3.2
1,-2147483633,3.5,4.1,3.1,3.2
1,-2147483636,4,4.1,3.1,3.2
1,-2147483627,3.6,4.1,3.1,3.2
1,-2147483626,3.5,4.1,3.1,3.2
1,1073741859,4,4.1,3.1,3.2
1,-2147483637,3.6,4.1,3.1,3.2
1,-1073741792,4,4.1,3.1,3.2
1,1073741856,4,4.1,3.1,3.2
1,-2147483632,4,4.1,3.1,3.2
1,-1073741795,4,4.1,3.1,3.2
1,-2147483623,3.5,4.1,3.1,3.2
1,-2147483625,4,4.1,3.1,3.2
1,-2147483628,4,4.1,3.1,3.2
1,1073741857,4,4.1,3.1,3.2
1,-1073741789,4,4.1,3.1,3.2
1,-2147483620,4,4.1,3.1,3.2
1,1073741863,1.1,3.3,3.1,3.2
1,-2147483618,4,4.1,3.1,3.2
1,-1073741790,4,4.1,3.1,3.2
1,-2147483614,4,4.1,3.1,3.2
1,1073741861,4,4.1,3.1,3.2
1,-2147483624,4,4.1,3.1,3.2
1,-2147483621,4,4.1,3.1,3.2
1,1073741860,4,4.1,3.1,3.2
1,-2147483622,4,4.1,3.1,3.2
1,-2147483616,4,4.1,3.1,3.2
1,-2147483631,4,4.1,3.1,3.2
1,-2147483629,4,4.1,3.1,3.2
1,-2147483615,4,4.1,3.1,3.2
1,-1073741787,4,4.1,3.1,3.2
1,-2147483619,4,4.1,3.1,3.2
1,-1073741791,1.1,3.3,3.1,3.2
1,-1073741788,4,4.1,3.1,3.2
1,1073741865,4,4.1,3.1,3.2
1,-1073741782,4,4.1,3.1,3.2
1,-2147483617,4,4.1,3.1,3.2
1,-2147483606,1.1,3.3,3.1,3.2
1,-1073741785,4,4.1,3.1,3.2
1,1073741862,4,4.1,3.1,3.2
1,-2147483610,4,4.1,3.1,3.2
1,-1073741784,1.1,3.3,3.1,3.2
1,-1073741786,4,4.1,3.1,3.2
1,1073741866,4,4.1,3.1,3.2
1,-2147483605,4,4.1,3.1,3.2
1,1073741872,4,4.1,3.1,3.2
1,-2147483600,4,4.1,3.1,3.2
1,-2147483604,4,4.1,3.1,3.2
1,-2147483608,4,4.1,3.1,3.2
1,-1073741783,4,4.1,3.1,3.2
1,-1073741780,4,4.1,3.1,3.2
1,-1073741779,4,4.1,3.1,3.2
1,1073741867,4,4.1,3.1,3.2
1,-2147483611,4,4.1,3.1,3.2
1,-2147483609,4,4.1,3.1,3.2
1,1073741864,4,4.1,3.1,3.2
1,1073741870,4,4.1,3.1,3.2
1,-2147483613,4,4.1,3.1,3.2
1,-2147483612,4,4.1,3.1,3.2
1,-2147483607,4,4.1,3.1,3.2
1,1073741868,4,4.1,3.1,3.2
1,-1073741778,4,4.1,3.1,3.2
1,-1073741777,4,4.1,3.1,3.2
1,-1073741776,4,4.1,3.1,3.2
1,-2147483599,4,4.1,3.1,3.2
1,1073741873,4,4.1,3.1,3.2
1,1073741871,4,4.1,3.1,3.2
1,-1073741781,4,4.1,3.1,3.2
1,1073741869,1.1,3.3,3.1,3.2
1,-2147483603,4,4.1,3.1,3.2
1,-2147483602,4,4.1,3.1,3.2
1,1073741879,4,4.1,3.1,3.2
1,-1073741774,4,4.1,3.1,3.2
1,1073741874,4,4.1,3.1,3.2
1,-2147483598,4,4.1,3.1,3.2
1,-1073741772,4,4.1,3.1,3.2
1,-2147483601,4,4.1,3.1,3.2
1,-2147483597,4,4.1,3.1,3.2
1,1073741878,4,4.1,3.1,3.2
1,-1073741775,4,4.1,3.1,3.2
1,1073741876,4,4.1,3.1,3.2
1,-1073741769,4,4.1,3.1,3.2
1,-1073741773,4,4.1,3.1,3.2
1,-1073741771,4,4.1,3.1,3.2
1,1073741877,4,4.1,3.1,3.2
1,1073741882,4,4.1,3.1,3.2
1,1073741883,4,4.1,3.1,3.2
1,1073741875,4,4.1,3.1,3.2
1,-1073741767,4,4.1,3.1,3.2
1,-1073741765,4,4.1,3.1,3.2
1,1073741885,4,4.1,3.1,3.2
1,1073741880,4,4.1,3.1,3.2
1,-1073741768,4,4.1,3.1,3.2
1,-2147483596,1.1,3.3,3.1,3.2
1,1073741881,4,4.1,3.1,3.2
1,-1073741764,4,4.1,3.1,3.2
1,-1073741770,4,4.1,3.1,3.2
1,-1073741763,4,4.1,3.1,3.2
1,-1073741766,4,4.1,3.1,3.2
1,1073741884,4,4.1,3.1,3.2
1,-1073741761,1.1,3.3,3.1,3.2
1,-1073741760,4,4.1,3.1,3.2
1,1073741886,4,4.1,3.1,3.2
1,1073741889,4,4.1,3.1,3.2
1,1073741887,4,4.1,3.1,3.2
1,-2147483595,4,4.1,3.1,3.2
1,-1073741762,4,4.1,3.1,3.2
1,-1073741759,4,4.1,3.1,3.2
1,1073741894,4,4.1,3.1,3.2
1,1073741890,4,4.1,3.1,3.2
1,-1073741753,4,4.1,3.1,3.2
1,1073741888,4,4.1,3.1,3.2
1,1073741892,4,4.1,3.1,3.2
1,1073741896,4,4.1,3.1,3.2
1,-2147483588,4,4.1,3.1,3.2
1,1073741898,4,4.1,3.1,3.2
1,-2147483587,4,4.1,3.1,3.2
1,-2147483594,1.1,3.3,3.1,3.2
1,-1073741758,4,4.1,3.1,3.2
1,-1073741757,4,4.1,3.1,3.2
1,-1073741754,4,4.1,3.1,3.2
1,1073741893,4,4.1,3.1,3.2
1,-2147483585,4,4.1,3.1,3.2
1,-1073741756,4,4.1,3.1,3.2
1,-1073741752,4,4.1,3.1,3.2
1,1073741891,4,4.1,3.1,3.2
1,-2147483583,4,4.1,3.1,3.2
1,-2147483592,4,4.1,3.1,3.2
1,-2147483579,4,4.1,3.1,3.2
1,-1073741755,1.4,3.3,3.1,3.2
1,-2147483575,4,4.1,3.1,3.2
1,1073741900,4,4.1,3.1,3.2
1,-1073741749,1.1,3.3,3.1,3.2
1,-2147483586,4,4.1,3.1,3.2
1,-2147483589,4,4.1,3.1,3.2
1,-1073741751,1.1,3.3,3.1,3.2
1,-2147483590,4,4.1,3.1,3.2
1,-2147483593,4,4.1,3.1,3.2
1,1073741897,4,4.1,3.1,3.2
1,-2147483584,4,4.1,3.1,3.2
1,-2147483581,4,4.1,3.1,3.2
1,-2147483580,4,4.1,3.1,3.2
1,1073741895,4,4.1,3.1,3.2
1,-2147483582,4,4.1,3.1,3.2
1,1073741901,4,4.1,3.1,3.2
1,-2147483574,4,4.1,3.1,3.2
1,1073741899,4,4.1,3.1,3.2
1,-2147483573,4,4.1,3.1,3.2
1,-2147483571,4,4.1,3.1,3.2
1,1073741903,4,4.1,3.1,3.2
1,-2147483576,4,4.1,3.1,3.2
1,-2147483570,4,4.1,3.1,3.2
1,-2147483572,4,4.1,3.1,3.2
1,-1073741746,4,4.1,3.1,3.2
1,-2147483591,1.1,3.3,3.1,3.2
1,-2147483578,4,4.1,3.1,3.2
1,-2147483566,4,4.1,3.1,3.2
1,-2147483577,4,4.1,3.1,3.2
1,-1073741750,4,4.1,3.1,3.2
1,1073741904,1.1,3.3,3.1,3.2
1,1073741905,4,4.1,3.1,3.2
1,-2147483565,4,4.1,3.1,3.2
1,-2147483567,4,4.1,3.1,3.2
1,-2147483563,4,4.1,3.1,3.2
1,1073741902,1.1,3.3,3.1,3.2
1,-2147483569,4,4.1,3.1,3.2
1,1073741911,4,4.1,3.1,3.2
1,-2147483561,4,4.1,3.1,3.2
1,-2147483560,4,4.1,3.1,3.2
1,-1073741747,4,4.1,3.1,3.2
1,1073741907,4,4.1,3.1,3.2
1,-1073741748,4,4.1,3.1,3.2
1,-1073741739,4,4.1,3.1,3.2
1,1073741909,4,4.1,3.1,3.2
1,-2147483568,4,4.1,3.1,3.2
1,1073741906,4,4.1,3.1,3.2
1,-2147483564,4,4.1,3.1,3.2
1,1073741910,4,4.1,3.1,3.2
1,1073741908,4,4.1,3.1,3.2
1,-1073741743,3.6,4.1,3.1,3.2
1,-1073741744,3.9,4.1,3.1,3.2
1,-1073741737,1.1,3.3,3.1,3.2
1,-2147483559,4,4.1,3.1,3.2
1,1073741925,4,4.1,3.1,3.2
1,-2147483550,4,4.1,3.1,3.2
1,-1073741732,4,4.1,3.1,3.2
1,-2147483555,4,4.1,3.1,3.2
1,1073741924,4,4.1,3.1,3.2
1,1073741920,4,4.1,3.1,3.2
1,-1073741734,3.8,4.1,3.1,3.2
1,-2147483556,4,4.1,3.1,3.2
1,1073741916,4,4.1,3.1,3.2
1,1073741917,4,4.1,3.1,3.2
1,1073741919,4,4.1,3.1,3.2
1,-1073741730,3.5,4.1,3.1,3.2
1,-1073741735,4,4.1,3.1,3.2
1,1073741921,4,4.1,3.1,3.2
1,-1073741738,4,4.1,3.1,3.2
1,-1073741742,3.8,4.1,3.1,3.2
1,1073741913,4,4.1,3.1,3.2
1,-2147483553,4,4.1,3.1,3.2
1,1073741914,4,4.1,3.1,3.2
1,-1073741741,4,4.1,3.1,3.2
1,-2147483548,4,4.1,3.1,3.2
1,1073741918,4,4.1,3.1,3.2
1,-1073741740,4,4.1,3.1,3.2
1,1073741922,4,4.1,3.1,3.2
1,-2147483551,4,4.1,3.1,3.2
1,-1073741731,4,4.1,3.1,3.2
1,-2147483562,4,4.1,3.1,3.2
1,1073741923,4,4.1,3.1,3.2
1,1073741912,4,4.1,3.1,3.2
1,-2147483558,4,4.1,3.1,3.2
1,1073741915,4,4.1,3.1,3.2
1,-1073741736,3.6,4.1,3.1,3.2
1,-1073741733,3.6,4.1,3.1,3.2
1,-2147483547,4,4.1,3.1,3.2
1,-1073741729,1.4,3.3,3.1,3.2
1,-2147483557,4,4.1,3.1,3.2
1,-1073741745,3.8,4.1,3.1,3.2
1,-2147483554,4,4.1,3.1,3.2
1,-2147483552,4,4.1,3.1,3.2
1,-2147483549,4,4.1,3.1,3.2
1,1073741929,4,4.1,3.1,3.2
1,-1073741728,4,4.1,3.1,3.2
1,-2147483546,4,4.1,3.1,3.2
1,-1073741724,4,4.1,3.1,3.2
1,1073741927,1.1,3.3,3.1,3.2
1,-1073741721,1.4,3.3,3.1,3.2
1,-1073741726,4,4.1,3.1,3.2
1,1073741928,3.6,4.1,3.1,3.2
1,1073741931,4,4.1,3.1,3.2
1,-2147483538,4,4.1,3.1,3.2
1,1073741938,4,4.1,3.1,3.2
1,-1073741723,4,4.1,3.1,3.2
1,-2147483539,4,4.1,3.1,3.2
1,-2147483536,4,4.1,3.1,3.2
1,1073741937,4,4.1,3.1,3.2
1,-2147483542,1.1,3.3,3.1,3.2
1,-1073741727,3.6,4.1,3.1,3.2
1,-1073741719,4,4.1,3.1,3.2
1,-2147483540,4,4.1,3.1,3.2
1,-1073741717,1.1,3.3,3.1,3.2
1,1073741943,4,4.1,3.1,3.2
1,-2147483534,4,4.1,3.1,3.2
1,-1073741711,4,4.1,3.1,3.2
1,-2147483545,4,4.1,3.1,3.2
1,-1073741709,1.1,3.3,3.1,3.2
1,-2147483537,4,4.1,3.1,3.2
1,-1073741720,4,4.1,3.1,3.2
1,-1073741714,4,4.1,3.1,3.2
1,-2147483544,4,4.1,3.1,3.2
1,-1073741706,4,4.1,3.1,3.2
1,1073741939,1.1,3.3,3.1,3.2
1,-1073741713,1.1,3.3,3.1,3.2
1,-1073741712,4,4.1,3.1,3.2
1,1073741934,4,4.1,3.1,3.2
1,-1073741708,4,4.1,3.1,3.2
1,1073741926,4,4.1,3.1,3.2
1,1073741942,4,4.1,3.1,3.2
1,-1073741715,4,4.1,3.1,3.2
1,-2147483535,4,4.1,3.1,3.2
1,1073741936,4,4.1,3.1,3.2
1,1073741930,4,4.1,3.1,3.2
1,1073741935,4,4.1,3.1,3.2
1,1073741940,4,4.1,3.1,3.2
1,-1073741716,4,4.1,3.1,3.2
1,1073741933,4,4.1,3.1,3.2
1,-1073741722,1.4,3.3,3.1,3.2
1,-1073741725,4,4.1,3.1,3.2
1,-2147483543,4,4.1,3.1,3.2
1,-2147483541,4,4.1,3.1,3.2
1,-1073741718,4,4.1,3.1,3.2
1,1073741932,4,4.1,3.1,3.2
1,-2147483525,4,4.1,3.1,3.2
1,-1073741704,4,4.1,3.1,3.2
1,1073741946,4,4.1,3.1,3.2
1,1073741941,4,4.1,3.1,3.2
1,-1073741707,4,4.1,3.1,3.2
1,-2147483530,1.1,3.3,3.1,3.2
1,1073741945,4,4.1,3.1,3.2
1,-1073741710,4,4.1,3.1,3.2
1,1073741944,4,4.1,3.1,3.2
1,-2147483532,1.1,3.3,3.1,3.2
1,1073741947,4,4.1,3.1,3.2
1,-2147483531,4,4.1,3.1,3.2
1,-2147483528,4,4.1,3.1,3.2
1,-2147483526,4,4.1,3.1,3.2
1,-2147483533,4,4.1,3.1,3.2
1,-2147483527,4,4.1,3.1,3.2
1,-1073741705,1.1,3.3,3.1,3.2
1,-1073741700,4,4.1,3.1,3.2
1,-2147483529,4,4.1,3.1,3.2
1,-1073741703,4,4.1,3.1,3.2
1,-2147483524,4,4.1,3.1,3.2
1,1073741949,4,4.1,3.1,3.2
1,-2147483523,4,4.1,3.1,3.2
1,1073741951,4,4.1,3.1,3.2
1,-2147483522,4,4.1,3.1,3.2
1,-1073741702,1.1,3.3,3.1,3.2
1,1073741948,4,4.1,3.1,3.2
1,-1073741696,4,4.1,3.1,3.2
1,1073741950,4,4.1,3.1,3.2
1,-2147483521,4,4.1,3.1,3.2
1,-1073741698,4,4.1,3.1,3.2
1,-2147483519,1.1,3.3,3.1,3.2
1,-2147483518,4,4.1,3.1,3.2
1,-2147483516,4,4.1,3.1,3.2
1,-1073741701,4,4.1,3.1,3.2
1,1073741953,4,4.1,3.1,3.2
1,1073741952,4,4.1,3.1,3.2
1,-1073741699,4,4.1,3.1,3.2
1,-2147483520,4,4.1,3.1,3.2
1,1073741958,4,4.1,3.1,3.2
1,-1073741692,4,4.1,3.1,3.2
1,-2147483515,4,4.1,3.1,3.2
1,-2147483513,4,4.1,3.1,3.2
1,1073741954,4,4.1,3.1,3.2
1,1073741956,4,4.1,3.1,3.2
1,-1073741690,4,4.1,3.1,3.2
1,-1073741697,4,4.1,3.1,3.2
1,-1073741695,4,4.1,3.1,3.2
1,1073741957,4,4.1,3.1,3.2
1,-2147483514,4,4.1,3.1,3.2
1,-1073741693,1.1,3.3,3.1,3.2
1,-1073741691,4,4.1,3.1,3.2
1,-2147483510,4,4.1,3.1,3.2
1,1073741959,4,4.1,3.1,3.2
1,-2147483512,4,4.1,3.1,3.2
1,1073741963,4,4.1,3.1,3.2
1,1073741955,4,4.1,3.1,3.2
1,-2147483511,4,4.1,3.1,3.2
1,-2147483517,4,4.1,3.1,3.2
1,-1073741694,4,4.1,3.1,3.2
1,-2147483508,4,4.1,3.1,3.2
1,-1073741688,4,4.1,3.1,3.2
1,1073741960,4,4.1,3.1,3.2
1,-1073741686,4,4.1,3.1,3.2
1,-1073741689,4,4.1,3.1,3.2
1,1073741961,4,4.1,3.1,3.2
1,1073741962,4,4.1,3.1,3.2
1,-2147483509,4,4.1,3.1,3.2
1,-2147483504,1.1,3.3,3.1,3.2
1,-2147483506,4,4.1,3.1,3.2
1,-1073741684,4,4.1,3.1,3.2
1,1073741964,4,4.1,3.1,3.2
1,-1073741687,4,4.1,3.1,3.2
1,1073741965,4,4.1,3.1,3.2
1,1073741967,4,4.1,3.1,3.2
1,-2147483507,4,4.1,3.1,3.2
1,-2147483501,4,4.1,3.1,3.2
1,-2147483500,4,4.1,3.1,3.2
1,-1073741685,4,4.1,3.1,3.2
1,1073741968,4,4.1,3.1,3.2
1,1073741969,4,4.1,3.1,3.2
1,-2147483505,4,4.1,3.1,3.2
1,-1073741683,4,4.1,3.1,3.2
1,-1073741679,4,4.1,3.1,3.2
1,-1073741678,4,4.1,3.1,3.2
1,-1073741682,4,4.1,3.1,3.2
1,-2147483499,4,4.1,3.1,3.2
1,1073741966,1.1,3.3,3.1,3.2
1,1073741970,4,4.1,3.1,3.2
1,1073741972,4,4.1,3.1,3.2
1,-1073741680,4,4.1,3.1,3.2
1,-2147483498,4,4.1,3.1,3.2
1,-2147483496,4,4.1,3.1,3.2
1,-1073741673,4,4.1,3.1,3.2
1,-2147483503,4,4.1,3.1,3.2
1,-1073741675,4,4.1,3.1,3.2
1,-1073741672,4,4.1,3.1,3.2
1,1073741979,4,4.1,3.1,3.2
1,1073741971,4,4.1,3.1,3.2
1,1073741978,4,4.1,3.1,3.2
1,1073741975,4,4.1,3.1,3.2
1,-2147483497,4,4.1,3.1,3.2
1,-2147483502,4,4.1,3.1,3.2
1,1073741976,4,4.1,3.1,3.2
1,-1073741681,4,4.1,3.1,3.2
1,-2147483495,4,4.1,3.1,3.2
1,-1073741677,4,4.1,3.1,3.2
1,-2147483493,4,4.1,3.1,3.2
1,1073741973,4,4.1,3.1,3.2
1,-1073741670,4,4.1,3.1,3.2
1,-1073741676,4,4.1,3.1,3.2
1,1073741974,4,4.1,3.1,3.2
1,-1073741674,4,4.1,3.1,3.2
1,-2147483494,4,4.1,3.1,3.2
1,-1073741669,4,4.1,3.1,3.2
1,-2147483488,4,4.1,3.1,3.2
1,-1073741665,4,4.1,3.1,3.2
1,-2147483490,4,4.1,3.1,3.2
1,-1073741664,4,4.1,3.1,3.2
1,-1073741661,4,4.1,3.1,3.2
1,-2147483484,4,4.1,3.1,3.2
1,1073741985,4,4.1,3.1,3.2
1,-1073741667,4,4.1,3.1,3.2
1,1073741977,1.1,3.3,3.1,3.2
1,-2147483492,4,4.1,3.1,3.2
1,-1073741662,4,4.1,3.1,3.2
1,-2147483487,4,4.1,3.1,3.2
1,-2147483491,4,4.1,3.1,3.2
1,-1073741668,4,4.1,3.1,3.2
1,-1073741671,4,4.1,3.1,3.2
1,-2147483489,4,4.1,3.1,3.2
1,1073741981,4,4.1,3.1,3.2
1,1073741982,4,4.1,3.1,3.2
1,-2147483486,4,4.1,3.1,3.2
1,1073741980,4,4.1,3.1,3.2
1,-1073741666,4,4.1,3.1,3.2
1,1073741984,4,4.1,3.1,3.2
1,1073741989,4,4.1,3.1,3.2
1,1073741986,4,4.1,3.1,3.2
1,-1073741660,4,4.1,3.1,3.2
1,-1073741663,4,4.1,3.1,3.2
1,1073741983,4,4.1,3.1,3.2
1,1073741987,4,4.1,3.1,3.2
1,-1073741656,4,4.1,3.1,3.2
1,-2147483485,4,4.1,3.1,3.2
1,-1073741659,4,4.1,3.1,3.2
1,1073741988,4,4.1,3.1,3.2
1,-1073741657,1.1,3.3,3.1,3.2
1,-2147483480,4,4.1,3.1,3.2
1,-1073741654,4,4.1,3.1,3.2
1,-2147483483,4,4.1,3.1,3.2
1,-2147483482,4,4.1,3.1,3.2
1,1073741990,3.5,4.1,3.1,3.2
1,1073741992,4,4.1,3.1,3.2
1,-2147483479,4,4.1,3.1,3.2
1,1073741991,4,4.1,3.1,3.2
1,-2147483481,1.1,3.3,3.1,3.2
1,-1073741658,4,4.1,3.1,3.2
1,-1073741653,1.4,3.3,3.1,3.2
1,-1073741652,4,4.1,3.1,3.2
1,-1073741655,4,4.1,3.1,3.2
1,-2147483478,4,4.1,3.1,3.2
1,-2147483477,4,4.1,3.1,3.2
1,-2147483473,4,4.1,3.1,3.2
1,-2147483476,4,4.1,3.1,3.2
1,-1073741648,4,4.1,3.1,3.2
1,-1073741651,4,4.1,3.1,3.2
1,-2147483474,4,4.1,3.1,3.2
1,-1073741650,4,4.1,3.1,3.2
1,-2147483475,4,4.1,3.1,3.2
1,1073741996,1.1,3.3,3.1,3.2
1,-1073741649,4,4.1,3.1,3.2
1,1073741994,4,4.1,3.1,3.2
1,1073741993,4,4.1,3.1,3.2
1,-2147483468,4,4.1,3.1,3.2
1,-2147483472,4,4.1,3.1,3.2
1,1073741999,3.8,4.1,3.1,3.2
1,1073741998,3.6,4.1,3.1,3.2
1,-2147483469,4,4.1,3.1,3.2
1,1073742001,1.1,3.3,3.1,3.2
1,-2147483467,4,4.1,3.1,3.2
1,-2147483470,4,4.1,3.1,3.2
1,1073742006,4,4.1,3.1,3.2
1,-1073741644,4,4.1,3.1,3.2
1,-2147483464,1.1,3.3,3.1,3.2
1,-1073741646,1.1,3.3,3.1,3.2
1,1073741997,4,4.1,3.1,3.2
1,-1073741647,4,4.1,3.1,3.2
1,-1073741643,4,4.1,3.1,3.2
1,1073742000,1.1,3.3,3.1,3.2
1,1073742003,1.1,3.3,3.1,3.2
1,1073742004,4,4.1,3.1,3.2
1,-1073741645,4,4.1,3.1,3.2
1,-2147483471,4,4.1,3.1,3.2
1,1073741995,4,4.1,3.1,3.2
1,-1073741641,4,4.1,3.1,3.2
1,-1073741642,4,4.1,3.1,3.2
1,1073742002,4,4.1,3.1,3.2
1,-2147483461,4,4.1,3.1,3.2
1,-1073741637,4,4.1,3.1,3.2
1,-2147483462,4,4.1,3.1,3.2
1,-2147483466,4,4.1,3.1,3.2
1,1073742008,4,4.1,3.1,3.2
1,-1073741639,3.6,4.1,3.1,3.2
1,-2147483460,1.1,3.3,3.1,3.2
1,-1073741640,4,4.1,3.1,3.2
1,1073742005,4,4.1,3.1,3.2
1,-1073741636,4,4.1,3.1,3.2
1,1073742010,4,4.1,3.1,3.2
1,-1073741635,4,4.1,3.1,3.2
1,-2147483463,3.6,4.1,3.1,3.2
1,-1073741638,4,4.1,3.1,3.2
1,-1073741634,4,4.1,3.1,3.2
1,-2147483456,4,4.1,3.1,3.2
1,-2147483457,4,4.1,3.1,3.2
1,1073742013,4,4.1,3.1,3.2
1,-2147483465,4,4.1,3.1,3.2
1,1073742007,4,4.1,3.1,3.2
1,1073742009,4,4.1,3.1,3.2
1,-2147483458,4,4.1,3.1,3.2
1,1073742014,1.1,3.3,3.1,3.2
1,-2147483459,4,4.1,3.1,3.2
1,-2147483455,4,4.1,3.1,3.2
1,1073742012,1.1,3.3,3.1,3.2
1,-1073741633,4,4.1,3.1,3.2
1,-2147483453,4,4.1,3.1,3.2
1,1073742011,4,4.1,3.1,3.2
1,-1073741631,4,4.1,3.1,3.2
1,-2147483454,4,4.1,3.1,3.2
1,1073742015,3.6,4.1,3.1,3.2
1,-2147483452,4,4.1,3.1,3.2
1,-2147483451,4,4.1,3.1,3.2
1,-1073741625,4,4.1,3.1,3.2
1,-1073741626,4,4.1,3.1,3.2
1,-1073741628,4,4.1,3.1,3.2
1,-1073741630,4,4.1,3.1,3.2
1,1073742017,4,4.1,3.1,3.2
1,-1073741627,4,4.1,3.1,3.2
1,1073742016,3.6,4.1,3.1,3.2
1,-1073741629,4,4.1,3.1,3.2
1,-1073741632,4,4.1,3.1,3.2
1,-2147483450,4,4.1,3.1,3.2
1,1073742020,1.1,3.3,3.1,3.2
1,1073742026,4,4.1,3.1,3.2
1,1073742028,1.1,3.3,3.1,3.2
1,-2147483446,4,4.1,3.1,3.2
1,-1073741619,4,4.1,3.1,3.2
1,-2147483447,4,4.1,3.1,3.2
1,-2147483443,1.1,3.3,3.1,3.2
1,1073742022,3.8,4.1,3.1,3.2
1,1073742023,4,4.1,3.1,3.2
1,-1073741620,4,4.1,3.1,3.2
1,1073742018,4,4.1,3.1,3.2
1,-2147483448,4,4.1,3.1,3.2
1,1073742024,4,4.1,3.1,3.2
1,-2147483444,4,4.1,3.1,3.2
1,-2147483449,4,4.1,3.1,3.2
1,-1073741624,4,4.1,3.1,3.2
1,-1073741622,4,4.1,3.1,3.2
1,-1073741623,4,4.1,3.1,3.2
1,-2147483445,4,4.1,3.1,3.2
1,1073742019,3.8,4.1,3.1,3.2
1,1073742021,4,4.1,3.1,3.2
1,-2147483442,4,4.1,3.1,3.2
1,-1073741617,4,4.1,3.1,3.2
1,-1073741621,4,4.1,3.1,3.2
1,-2147483441,4,4.1,3.1,3.2
1,1073742031,4,4.1,3.1,3.2
1,1073742025,4,4.1,3.1,3.2
1,-1073741618,4,4.1,3.1,3.2
1,1073742030,4,4.1,3.1,3.2
1,1073742029,1.1,3.3,3.1,3.2
1,1073742034,4,4.1,3.1,3.2
1,-2147483437,4,4.1,3.1,3.2
1,-2147483435,4,4.1,3.1,3.2
1,-2147483440,4,4.1,3.1,3.2
1,1073742035,4,4.1,3.1,3.2
1,1073742033,4,4.1,3.1,3.2
1,-1073741614,4,4.1,3.1,3.2
1,1073742027,4,4.1,3.1,3.2
1,-1073741613,4,4.1,3.1,3.2
1,-1073741615,4,4.1,3.1,3.2
1,-2147483439,4,4.1,3.1,3.2
1,1073742032,4,4.1,3.1,3.2
1,-1073741611,4,4.1,3.1,3.2
1,-1073741610,4,4.1,3.1,3.2
1,-1073741616,4,4.1,3.1,3.2
1,-2147483436,4,4.1,3.1,3.2
1,1073742036,4,4.1,3.1,3.2
1,1073742038,4,4.1,3.1,3.2
1,-2147483434,4,4.1,3.1,3.2
1,-1073741609,4,4.1,3.1,3.2
1,-1073741608,4,4.1,3.1,3.2
1,-2147483433,4,4.1,3.1,3.2
1,1073742039,4,4.1,3.1,3.2
1,-2147483432,4,4.1,3.1,3.2
1,-2147483438,4,4.1,3.1,3.2
1,1073742037,4,4.1,3.1,3.2
1,-1073741612,4,4.1,3.1,3.2
1,-1073741606,4,4.1,3.1,3.2
1,-1073741605,4,4.1,3.1,3.2
1,-2147483430,4,4.1,3.1,3.2
1,-2147483429,4,4.1,3.1,3.2
1,-2147483426,4,4.1,3.1,3.2
1,-2147483428,4,4.1,3.1,3.2
1,1073742049,4,4.1,3.1,3.2
1,-1073741602,4,4.1,3.1,3.2
1,-1073741599,4,4.1,3.1,3.2
1,-1073741598,4,4.1,3.1,3.2
1,1073742045,4,4.1,3.1,3.2
1,-2147483431,4,4.1,3.1,3.2
1,1073742042,4,4.1,3.1,3.2
1,-1073741607,4,4.1,3.1,3.2
1,1073742040,4,4.1,3.1,3.2
1,-1073741604,4,4.1,3.1,3.2
1,1073742048,4,4.1,3.1,3.2
1,-2147483427,4,4.1,3.1,3.2
1,-2147483424,4,4.1,3.1,3.2
1,1073742044,4,4.1,3.1,3.2
1,1073742046,4,4.1,3.1,3.2
1,1073742043,4,4.1,3.1,3.2
1,1073742041,4,4.1,3.1,3.2
1,1073742050,1.1,3.3,3.1,3.2
1,1073742047,4,4.1,3.1,3.2
1,-2147483423,4,4.1,3.1,3.2
1,-1073741603,1.1,3.3,3.1,3.2
1,1073742054,4,4.1,3.1,3.2
1,-1073741601,4,4.1,3.1,3.2
1,-2147483422,4,4.1,3.1,3.2
1,-2147483420,4,4.1,3.1,3.2
1,-1073741594,4,4.1,3.1,3.2
1,-2147483421,4,4.1,3.1,3.2
1,-2147483418,4,4.1,3.1,3.2
1,-1073741600,4,4.1,3.1,3.2
1,1073742055,4,4.1,3.1,3.2
1,-2147483425,4,4.1,3.1,3.2
1,-2147483419,4,4.1,3.1,3.2
1,-1073741597,4,4.1,3.1,3.2
1,1073742053,4,4.1,3.1,3.2
1,1073742051,4,4.1,3.1,3.2
1,1073742052,4,4.1,3.1,3.2
1,1073742056,4,4.1,3.1,3.2
1,-1073741595,4,4.1,3.1,3.2
1,-2147483417,4,4.1,3.1,3.2
1,-1073741596,4,4.1,3.1,3.2
1,-1073741588,3.6,4.1,3.1,3.2
1,1073742060,4,4.1,3.1,3.2
1,1073742059,4,4.1,3.1,3.2
1,-2147483416,4,4.1,3.1,3.2
1,-2147483412,3.8,4.1,3.1,3.2
1,-1073741590,4,4.1,3.1,3.2
1,-1073741589,1.1,3.3,3.1,3.2
1,-2147483415,4,4.1,3.1,3.2
1,-2147483414,4,4.1,3.1,3.2
1,1073742057,1.1,3.3,3.1,3.2
1,-1073741593,4,4.1,3.1,3.2
1,-1073741584,4,4.1,3.1,3.2
1,-1073741592,4,4.1,3.1,3.2
1,-1073741591,4,4.1,3.1,3.2
1,-2147483413,4,4.1,3.1,3.2
1,1073742058,4,4.1,3.1,3.2
1,1073742067,4,4.1,3.1,3.2
1,1073742062,4,4.1,3.1,3.2
1,-2147483406,4,4.1,3.1,3.2
1,-2147483411,4,4.1,3.1,3.2
1,-2147483407,4,4.1,3.1,3.2
1,1073742068,4,4.1,3.1,3.2
1,-1073741579,4,4.1,3.1,3.2
1,1073742063,4,4.1,3.1,3.2
1,-1073741585,4,4.1,3.1,3.2
1,1073742066,4,4.1,3.1,3.2
1,-2147483403,4,4.1,3.1,3.2
1,-1073741582,4,4.1,3.1,3.2
1,-2147483408,4,4.1,3.1,3.2
1,-1073741586,4,4.1,3.1,3.2
1,-2147483410,4,4.1,3.1,3.2
1,1073742061,4,4.1,3.1,3.2
1,1073742065,4,4.1,3.1,3.2
1,-2147483409,4,4.1,3.1,3.2
1,-1073741587,4,4.1,3.1,3.2
1,-1073741577,4,4.1,3.1,3.2
1,1073742064,4,4.1,3.1,3.2
1,-2147483399,4,4.1,3.1,3.2
1,-1073741580,4,4.1,3.1,3.2
1,1073742070,4,4.1,3.1,3.2
1,-1073741578,4,4.1,3.1,3.2
1,-1073741575,4,4.1,3.1,3.2
1,-1073741581,4,4.1,3.1,3.2
1,-1073741576,4,4.1,3.1,3.2
1,-2147483405,4,4.1,3.1,3.2
1,1073742074,4,4.1,3.1,3.2
1,1073742069,4,4.1,3.1,3.2
1,-2147483401,4,4.1,3.1,3.2
1,-2147483400,4,4.1,3.1,3.2
1,-1073741583,1.1,3.3,3.1,3.2
1,-1073741574,4,4.1,3.1,3.2
1,1073742071,4,4.1,3.1,3.2
1,1073742073,4,4.1,3.1,3.2
1,-2147483395,4,4.1,3.1,3.2
1,1073742077,4,4.1,3.1,3.2
1,-1073741570,4,4.1,3.1,3.2
1,-1073741569,4,4.1,3.1,3.2
1,-2147483398,4,4.1,3.1,3.2
1,-1073741573,4,4.1,3.1,3.2
1,-2147483396,4,4.1,3.1,3.2
1,-2147483402,4,4.1,3.1,3.2
1,-2147483404,4,4.1,3.1,3.2
1,1073742078,4,4.1,3.1,3.2
1,-1073741572,4,4.1,3.1,3.2
1,1073742076,4,4.1,3.1,3.2
1,1073742072,4,4.1,3.1,3.2
1,-2147483397,4,4.1,3.1,3.2
1,1073742075,4,4.1,3.1,3.2
1,-2147483394,4,4.1,3.1,3.2
1,1073742079,4,4.1,3.1,3.2
1,-1073741568,4,4.1,3.1,3.2
1,1073742082,4,4.1,3.1,3.2
1,-1073741564,4,4.1,3.1,3.2
1,1073742085,4,4.1,3.1,3.2
1,1073742083,4,4.1,3.1,3.2
1,-1073741565,4,4.1,3.1,3.2
1,1073742084,4,4.1,3.1,3.2
1,-2147483390,4,4.1,3.1,3.2
1,-2147483391,4,4.1,3.1,3.2
1,-1073741566,4,4.1,3.1,3.2
1,-1073741571,4,4.1,3.1,3.2
1,1073742080,4,4.1,3.1,3.2
1,-2147483393,4,4.1,3.1,3.2
1,1073742086,4,4.1,3.1,3.2
1,1073742081,4,4.1,3.1,3.2
1,-2147483387,4,4.1,3.1,3.2
1,1073742091,4,4.1,3.1,3.2
1,-2147483388,3.6,4.1,3.1,3.2
1,-1073741562,4,4.1,3.1,3.2
1,1073742089,4,4.1,3.1,3.2
1,-1073741561,1.1,3.3,3.1,3.2
1,-1073741567,4,4.1,3.1,3.2
1,-1073741558,4,4.1,3.1,3.2
1,-2147483392,4,4.1,3.1,3.2
1,1073742088,4,4.1,3.1,3.2
1,-2147483389,4,4.1,3.1,3.2
1,1073742093,4,4.1,3.1,3.2
1,-1073741557,4,4.1,3.1,3.2
1,-2147483386,4,4.1,3.1,3.2
1,-1073741559,4,4.1,3.1,3.2
1,1073742087,4,4.1,3.1,3.2
1,-1073741560,4,4.1,3.1,3.2
1,-1073741563,4,4.1,3.1,3.2
1,1073742090,4,4.1,3.1,3.2
1,-1073741556,4,4.1,3.1,3.2
1,-2147483385,4,4.1,3.1,3.2
1,-2147483384,3.6,4.1,3.1,3.2
1,1073742094,4,4.1,3.1,3.2
1,1073742098,4,4.1,3.1,3.2
1,1073742092,4,4.1,3.1,3.2
1,-2147483376,4,4.1,3.1,3.2
1,1073742097,4,4.1,3.1,3.2
1,-2147483379,1.1,3.3,3.1,3.2
1,-1073741553,4,4.1,3.1,3.2
1,-1073741554,4,4.1,3.1,3.2
1,1073742095,4,4.1,3.1,3.2
1,-2147483381,4,4.1,3.1,3.2
1,1073742101,4,4.1,3.1,3.2
1,-2147483372,3.6,4.1,3.1,3.2
1,1073742099,4,4.1,3.1,3.2
1,-1073741555,4,4.1,3.1,3.2
1,-2147483383,1.1,3.3,3.1,3.2
1,-1073741550,4,4.1,3.1,3.2
1,1073742100,4,4.1,3.1,3.2
1,-2147483382,4,4.1,3.1,3.2
1,1073742102,4,4.1,3.1,3.2
1,-1073741549,4,4.1,3.1,3.2
1,-1073741552,4,4.1,3.1,3.2
1,-2147483375,4,4.1,3.1,3.2
1,1073742096,3.6,4.1,3.1,3.2
1,-1073741551,4,4.1,3.1,3.2
1,-2147483377,4,4.1,3.1,3.2
1,-1073741548,4,4.1,3.1,3.2
1,-2147483378,4,4.1,3.1,3.2
1,-2147483380,1.1,3.3,3.1,3.2
1,1073742104,4,4.1,3.1,3.2
1,1073742103,4,4.1,3.1,3.2
1,-2147483371,1.1,3.3,3.1,3.2
1,-1073741544,4,4.1,3.1,3.2
1,-2147483367,3.5,4.1,3.1,3.2
1,1073742107,4,4.1,3.1,3.2
1,-1073741543,4,4.1,3.1,3.2
1,-2147483374,4,4.1,3.1,3.2
1,1073742106,4,4.1,3.1,3.2
1,-2147483368,3.5,4.1,3.1,3.2
1,-1073741545,4,4.1,3.1,3.2
1,-2147483370,4,4.1,3.1,3.2
1,1073742108,4,4.1,3.1,3.2
1,-2147483369,3.5,4.1,3.1,3.2
1,-1073741547,4,4.1,3.1,3.2
1,-1073741546,4,4.1,3.1,3.2
1,-2147483373,4,4.1,3.1,3.2
1,-1073741542,4,4.1,3.1,3.2
1,-1073741541,4,4.1,3.1,3.2
1,-1073741538,4,4.1,3.1,3.2
1,1073742113,4,4.1,3.1,3.2
1,1073742110,4,4.1,3.1,3.2
1,-1073741532,4,4.1,3.1,3.2
1,-2147483365,4,4.1,3.1,3.2
1,1073742105,4,4.1,3.1,3.2
1,-1073741534,4,4.1,3.1,3.2
1,-1073741533,4,4.1,3.1,3.2
1,-1073741539,4,4.1,3.1,3.2
1,-2147483360,4,4.1,3.1,3.2
1,-1073741537,4,4.1,3.1,3.2
1,-1073741535,4,4.1,3.1,3.2
1,1073742109,4,4.1,3.1,3.2
1,1073742111,4,4.1,3.1,3.2
1,-2147483362,4,4.1,3.1,3.2
1,-1073741540,4,4.1,3.1,3.2
1,-1073741536,4,4.1,3.1,3.2
1,-2147483364,4,4.1,3.1,3.2
1,-2147483366,4,4.1,3.1,3.2
1,-2147483357,3.6,4.1,3.1,3.2
1,1073742112,3.8,4.1,3.1,3.2
1,1073742114,3.7,4.1,3.1,3.2
1,-2147483361,3.6,4.1,3.1,3.2
1,-2147483354,4,4.1,3.1,3.2
1,-2147483353,4,4.1,3.1,3.2
1,-1073741530,3.5,4.1,3.1,3.2
1,-2147483358,1.1,3.3,3.1,3.2
1,-2147483359,1.1,3.3,3.1,3.2
1,-2147483363,4,4.1,3.1,3.2
1,-1073741531,4,4.1,3.1,3.2
1,-2147483356,4,4.1,3.1,3.2
1,-1073741529,3.6,4.1,3.1,3.2
1,-1073741528,3.5,4.1,3.1,3.2
1,-2147483355,4,4.1,3.1,3.2
1,-2147483347,4,4.1,3.1,3.2
1,-2147483349,4,4.1,3.1,3.2
1,-2147483351,4,4.1,3.1,3.2
1,-1073741527,4,4.1,3.1,3.2
1,-1073741523,1.1,3.3,3.1,3.2
1,-2147483348,4,4.1,3.1,3.2
1,-1073741524,4,4.1,3.1,3.2
1,-2147483352,1.1,3.3,3.1,3.2
1,-1073741521,4,4.1,3.1,3.2
1,-1073741526,4,4.1,3.1,3.2
1,-2147483346,4,4.1,3.1,3.2
1,-2147483350,1.1,3.3,3.1,3.2
1,-1073741525,1.1,3.3,3.1,3.2
1,-1073741522,4,4.1,3.1,3.2
1,-2147483345,4,4.1,3.1,3.2
1,1073742124,4,4.1,3.1,3.2
1,1073742120,4,4.1,3.1,3.2
1,1073742122,4,4.1,3.1,3.2
1,1073742119,4,4.1,3.1,3.2
1,1073742117,4,4.1,3.1,3.2
1,1073742121,4,4.1,3.1,3.2
1,1073742128,1.1,3.3,3.1,3.2
1,1073742115,4,4.1,3.1,3.2
1,1073742116,4,4.1,3.1,3.2
1,1073742126,4,4.1,3.1,3.2
1,1073742118,4,4.1,3.1,3.2
1,1073742125,4,4.1,3.1,3.2
1,1073742127,4,4.1,3.1,3.2
1,1073742123,1.1,3.3,3.1,3.2
1,1073742130,4,4.1,3.1,3.2
1,-2147483342,3.5,4.1,3.1,3.2
1,-2147483343,3.6,4.1,3.1,3.2
1,1073742129,4,4.1,3.1,3.2
1,-1073741517,4,4.1,3.1,3.2
1,-1073741518,4,4.1,3.1,3.2
1,-1073741520,4,4.1,3.1,3.2
1,1073742133,4,4.1,3.1,3.2
1,-2147483344,4,4.1,3.1,3.2
1,1073742131,4,4.1,3.1,3.2
1,-1073741515,4,4.1,3.1,3.2
1,-2147483341,4,4.1,3.1,3.2
1,-1073741519,4,4.1,3.1,3.2
1,-2147483340,4,4.1,3.1,3.2
1,1073742132,4,4.1,3.1,3.2
1,1073742136,4,4.1,3.1,3.2
1,1073742134,4,4.1,3.1,3.2
1,-1073741514,4,4.1,3.1,3.2
1,-1073741516,4,4.1,3.1,3.2
1,-2147483336,4,4.1,3.1,3.2
1,-2147483335,4,4.1,3.1,3.2
1,-2147483333,4,4.1,3.1,3.2
1,1073742139,4,4.1,3.1,3.2
1,-2147483339,4,4.1,3.1,3.2
1,-1073741512,4,4.1,3.1,3.2
1,1073742138,4,4.1,3.1,3.2
1,1073742135,4,4.1,3.1,3.2
1,-1073741513,4,4.1,3.1,3.2
1,-2147483337,4,4.1,3.1,3.2
1,-2147483338,4,4.1,3.1,3.2
1,-1073741506,4,4.1,3.1,3.2
1,-2147483332,4,4.1,3.1,3.2
1,-1073741507,4,4.1,3.1,3.2
1,-1073741509,4,4.1,3.1,3.2
1,1073742141,4,4.1,3.1,3.2
1,-2147483334,4,4.1,3.1,3.2
1,-1073741511,4,4.1,3.1,3.2
1,-1073741510,4,4.1,3.1,3.2
1,1073742137,4,4.1,3.1,3.2
1,1073742144,4,4.1,3.1,3.2
1,1073742140,4,4.1,3.1,3.2
1,-2147483329,4,4.1,3.1,3.2
1,1073742146,4,4.1,3.1,3.2
1,-2147483328,4,4.1,3.1,3.2
1,-2147483331,4,4.1,3.1,3.2
1,-1073741508,1.1,3.3,3.1,3.2
1,-1073741503,4,4.1,3.1,3.2
1,-2147483330,4,4.1,3.1,3.2
1,1073742147,4,4.1,3.1,3.2
1,-2147483326,4,4.1,3.1,3.2
1,-1073741504,4,4.1,3.1,3.2
1,-1073741501,4,4.1,3.1,3.2
1,1073742145,4,4.1,3.1,3.2
1,-2147483327,4,4.1,3.1,3.2
1,-1073741500,4,4.1,3.1,3.2
1,-1073741505,4,4.1,3.1,3.2
1,1073742142,4,4.1,3.1,3.2
1,1073742143,4,4.1,3.1,3.2
1,-2147483324,4,4.1,3.1,3.2
1,-1073741499,4,4.1,3.1,3.2
1,-2147483319,4,4.1,3.1,3.2
1,-2147483321,4,4.1,3.1,3.2
1,1073742149,4,4.1,3.1,3.2
1,-2147483325,4,4.1,3.1,3.2
1,1073742148,4,4.1,3.1,3.2
1,-1073741502,4,4.1,3.1,3.2
1,-2147483323,4,4.1,3.1,3.2
1,1073742150,4,4.1,3.1,3.2
1,-2147483320,4,4.1,3.1,3.2
1,-1073741494,4,4.1,3.1,3.2
1,1073742152,4,4.1,3.1,3.2
1,-2147483322,4,4.1,3.1,3.2
1,1073742154,4,4.1,3.1,3.2
1,-1073741493,4,4.1,3.1,3.2
1,-1073741492,4,4.1,3.1,3.2
1,1073742151,4,4.1,3.1,3.2
1,-2147483315,4,4.1,3.1,3.2
1,-2147483317,4,4.1,3.1,3.2
1,1073742155,4,4.1,3.1,3.2
1,-1073741497,4,4.1,3.1,3.2
1,-2147483316,4,4.1,3.1,3.2
1,-1073741498,4,4.1,3.1,3.2
1,1073742153,4,4.1,3.1,3.2
1,-1073741496,4,4.1,3.1,3.2
1,-1073741495,4,4.1,3.1,3.2
1,-2147483318,4,4.1,3.1,3.2
1,1073742157,4,4.1,3.1,3.2
1,-2147483310,4,4.1,3.1,3.2
1,1073742158,3.8,4.1,3.1,3.2
1,1073742156,1.1,3.3,3.1,3.2
1,-2147483314,4,4.1,3.1,3.2
1,-2147483312,4,4.1,3.1,3.2
1,-2147483311,4,4.1,3.1,3.2
1,1073742160,4,4.1,3.1,3.2
1,-1073741490,4,4.1,3.1,3.2
1,1073742162,4,4.1,3.1,3.2
1,1073742163,4,4.1,3.1,3.2
1,-2147483308,4,4.1,3.1,3.2
1,-1073741491,4,4.1,3.1,3.2
1,-2147483313,4,4.1,3.1,3.2
1,1073742159,4,4.1,3.1,3.2
1,1073742161,4,4.1,3.1,3.2
1,1073742165,4,4.1,3.1,3.2
1,-1073741489,4,4.1,3.1,3.2
1,1073742171,4,4.1,3.1,3.2
1,-2147483305,4,4.1,3.1,3.2
1,1073742166,4,4.1,3.1,3.2
1,-2147483303,4,4.1,3.1,3.2
1,1073742167,4,4.1,3.1,3.2
1,1073742164,4,4.1,3.1,3.2
1,-2147483309,4,4.1,3.1,3.2
1,1073742168,4,4.1,3.1,3.2
1,-2147483304,4,4.1,3.1,3.2
1,-2147483307,4,4.1,3.1,3.2
1,1073742172,3.6,4.1,3.1,3.2
1,-2147483301,3.2,4.1,3.1,3.2
1,-1073741488,4,4.1,3.1,3.2
1,1073742170,4,4.1,3.1,3.2
1,1073742169,4,4.1,3.1,3.2
1,-2147483306,4,4.1,3.1,3.2
1,-2147483302,3.6,4.1,3.1,3.2
1,1073742174,4,4.1,3.1,3.2
1,1073742173,4,4.1,3.1,3.2
1,1073742175,4,4.1,3.1,3.2
1,-1073741486,4,4.1,3.1,3.2
1,1073742176,4,4.1,3.1,3.2
1,-1073741474,4,4.1,3.1,3.2
1,-1073741472,4,4.1,3.1,3.2
1,-1073741470,4,4.1,3.1,3.2
1,-1073741487,4,4.1,3.1,3.2
1,-1073741482,4,4.1,3.1,3.2
1,-1073741483,4,4.1,3.1,3.2
1,-1073741480,1.1,3.3,3.1,3.2
1,-1073741481,4,4.1,3.1,3.2
1,-1073741479,4,4.1,3.1,3.2
1,-1073741477,4,4.1,3.1,3.2
1,1073742179,4,4.1,3.1,3.2
1,-1073741473,4,4.1,3.1,3.2
1,1073742180,4,4.1,3.1,3.2
1,1073742178,4,4.1,3.1,3.2
1,1073742177,3.5,4.1,3.1,3.2
1,-1073741484,4,4.1,3.1,3.2
1,-1073741478,4,4.1,3.1,3.2
1,-1073741476,4,4.1,3.1,3.2
1,-1073741471,4,4.1,3.1,3.2
1,-1073741466,4,4.1,3.1,3.2
1,-1073741475,4,4.1,3.1,3.2
1,1073742187,1.7,3.3,3.1,3.2
1,-1073741463,1.1,3.3,3.1,3.2
1,-1073741461,4,4.1,3.1,3.2
1,1073742189,4,4.1,3.1,3.2
1,-1073741464,4,4.1,3.1,3.2
1,1073742182,3.5,4.1,3.1,3.2
1,-1073741465,4,4.1,3.1,3.2
1,1073742181,4,4.1,3.1,3.2
1,-1073741468,4,4.1,3.1,3.2
1,-1073741485,4,4.1,3.1,3.2
1,1073742188,4,4.1,3.1,3.2
1,-1073741460,3.5,4.1,3.1,3.2
1,-2147483300,4,4.1,3.1,3.2
1,1073742186,4,4.1,3.1,3.2
1,-1073741462,4,4.1,3.1,3.2
1,1073742184,4,4.1,3.1,3.2
1,-1073741469,4,4.1,3.1,3.2
1,1073742183,3.6,4.1,3.1,3.2
1,1073742185,4,4.1,3.1,3.2
1,-1073741467,3.6,4.1,3.1,3.2
1,1073742190,1.1,3.3,3.1,3.2
1,-1073741459,4,4.1,3.1,3.2
1,-1073741458,4,4.1,3.1,3.2
1,1073742192,3.6,4.1,3.1,3.2
1,1073742191,4,4.1,3.1,3.2
1,-2147483293,4,4.1,3.1,3.2
1,-2147483297,3.6,4.1,3.1,3.2
1,-2147483299,3.5,4.1,3.1,3.2
1,-1073741455,4,4.1,3.1,3.2
1,-1073741451,4,4.1,3.1,3.2
1,-2147483298,3.8,4.1,3.1,3.2
1,-1073741457,4,4.1,3.1,3.2
1,1073742193,4,4.1,3.1,3.2
1,1073742195,4,4.1,3.1,3.2
1,1073742199,4,4.1,3.1,3.2
1,-1073741450,4,4.1,3.1,3.2
1,-1073741454,3.8,4.1,3.1,3.2
1,1073742197,4,4.1,3.1,3.2
1,-1073741448,4,4.1,3.1,3.2
1,-1073741446,4,4.1,3.1,3.2
1,-1073741456,4,4.1,3.1,3.2
1,1073742194,4,4.1,3.1,3.2
1,1073742196,4,4.1,3.1,3.2
1,-1073741453,4,4.1,3.1,3.2
1,1073742201,4,4.1,3.1,3.2
1,1073742203,4,4.1,3.1,3.2
1,1073742200,4,4.1,3.1,3.2
1,-1073741444,4,4.1,3.1,3.2
1,1073742207,4,4.1,3.1,3.2
1,-2147483294,3.6,4.1,3.1,3.2
1,-2147483296,3.6,4.1,3.1,3.2
1,-2147483291,4,4.1,3.1,3.2
1,-1073741452,4,4.1,3.1,3.2
1,-1073741449,4,4.1,3.1,3.2
1,-1073741447,4,4.1,3.1,3.2
1,1073742202,4,4.1,3.1,3.2
1,1073742213,4,4.1,3.1,3.2
1,1073742204,4,4.1,3.1,3.2
1,1073742206,4,4.1,3.1,3.2
1,1073742198,4,4.1,3.1,3.2
1,1073742210,4,4.1,3.1,3.2
1,1073742208,4,4.1,3.1,3.2
1,1073742211,1.1,3.3,3.1,3.2
1,-1073741445,4,4.1,3.1,3.2
1,-2147483290,4,4.1,3.1,3.2
1,1073742214,4,4.1,3.1,3.2
1,-1073741438,4,4.1,3.1,3.2
1,-1073741440,4,4.1,3.1,3.2
1,-2147483289,1.1,3.3,3.1,3.2
1,-1073741437,4,4.1,3.1,3.2
1,-1073741434,4,4.1,3.1,3.2
1,-2147483285,4,4.1,3.1,3.2
1,1073742205,4,4.1,3.1,3.2
1,-2147483280,4,4.1,3.1,3.2
1,-1073741441,4,4.1,3.1,3.2
1,-1073741443,4,4.1,3.1,3.2
1,-2147483270,4,4.1,3.1,3.2
1,-1073741436,4,4.1,3.1,3.2
1,-2147483284,4,4.1,3.1,3.2
1,-2147483292,4,4.1,3.1,3.2
1,1073742217,4,4.1,3.1,3.2
1,-2147483286,4,4.1,3.1,3.2
1,1073742215,4,4.1,3.1,3.2
1,-2147483276,4,4.1,3.1,3.2
1,-2147483261,4,4.1,3.1,3.2
1,-2147483282,4,4.1,3.1,3.2
1,-2147483275,4,4.1,3.1,3.2
1,-1073741433,4,4.1,3.1,3.2
1,-2147483283,4,4.1,3.1,3.2
1,-2147483266,4,4.1,3.1,3.2
1,-2147483267,4,4.1,3.1,3.2
1,-1073741442,1.1,3.3,3.1,3.2
1,-2147483268,4,4.1,3.1,3.2
1,-1073741439,4,4.1,3.1,3.2
1,1073742209,1.1,3.3,3.1,3.2
1,1073742212,4,4.1,3.1,3.2
1,-2147483272,4,4.1,3.1,3.2
1,-2147483271,1.1,3.3,3.1,3.2
1,-2147483273,4,4.1,3.1,3.2
1,-2147483262,4,4.1,3.1,3.2
1,-2147483288,4,4.1,3.1,3.2
1,-2147483287,4,4.1,3.1,3.2
1,-2147483278,1.1,3.3,3.1,3.2
1,-2147483295,4,4.1,3.1,3.2
1,-1073741432,4,4.1,3.1,3.2
1,1073742216,4,4.1,3.1,3.2
1,-1073741435,4,4.1,3.1,3.2
1,-1073741431,4,4.1,3.1,3.2
1,-2147483277,4,4.1,3.1,3.2
1,-2147483264,3.6,4.1,3.1,3.2
1,-2147483281,3.8,4.1,3.1,3.2
1,-2147483260,3.6,4.1,3.1,3.2
1,1073742218,4,4.1,3.1,3.2
1,-2147483269,4,4.1,3.1,3.2
1,-1073741430,4,4.1,3.1,3.2
1,-2147483279,3.6,4.1,3.1,3.2
1,-2147483274,3.6,4.1,3.1,3.2
1,-2147483265,3.5,4.1,3.1,3.2
1,1073742221,3.6,4.1,3.1,3.2
1,-1073741429,4,4.1,3.1,3.2
1,-2147483257,3.6,4.1,3.1,3.2
1,-2147483258,4,4.1,3.1,3.2
1,-2147483252,3.6,4.1,3.1,3.2
1,-2147483263,4,4.1,3.1,3.2
1,-1073741426,4,4.1,3.1,3.2
1,1073742223,4,4.1,3.1,3.2
1,-2147483255,4,4.1,3.1,3.2
1,-2147483259,3.6,4.1,3.1,3.2
1,-1073741424,4,4.1,3.1,3.2
1,-2147483251,4,4.1,3.1,3.2
1,1073742236,4,4.1,3.1,3.2
1,1073742222,4,4.1,3.1,3.2
1,-1073741418,4,4.1,3.1,3.2
1,1073742224,4,4.1,3.1,3.2
1,-1073741412,4,4.1,3.1,3.2
1,1073742219,4,4.1,3.1,3.2
1,-2147483256,1.1,3.3,3.1,3.2
1,-1073741428,4,4.1,3.1,3.2
1,1073742220,4,4.1,3.1,3.2
1,-1073741425,1.1,3.3,3.1,3.2
1,-1073741427,4,4.1,3.1,3.2
1,1073742225,4,4.1,3.1,3.2
1,-2147483254,4,4.1,3.1,3.2
1,1073742230,4,4.1,3.1,3.2
1,-1073741415,4,4.1,3.1,3.2
1,-1073741416,4,4.1,3.1,3.2
1,-1073741420,4,4.1,3.1,3.2
1,-1073741422,4,4.1,3.1,3.2
1,1073742235,1.1,3.3,3.1,3.2
1,-1073741419,4,4.1,3.1,3.2
1,1073742234,4,4.1,3.1,3.2
1,1073742232,4,4.1,3.1,3.2
1,-2147483248,3.6,4.1,3.1,3.2
1,1073742226,4,4.1,3.1,3.2
1,-1073741421,4,4.1,3.1,3.2
1,-2147483245,4,4.1,3.1,3.2
1,-2147483246,3.5,4.1,3.1,3.2
1,-1073741423,4,4.1,3.1,3.2
1,-2147483242,1.4,3.3,3.1,3.2
1,-2147483249,4,4.1,3.1,3.2
1,-2147483247,4,4.1,3.1,3.2
1,1073742229,4,4.1,3.1,3.2
1,-1073741414,4,4.1,3.1,3.2
1,-2147483250,4,4.1,3.1,3.2
1,-2147483253,4,4.1,3.1,3.2
1,1073742227,4,4.1,3.1,3.2
1,-2147483243,4,4.1,3.1,3.2
1,-1073741417,4,4.1,3.1,3.2
1,1073742228,4,4.1,3.1,3.2
1,-2147483238,3.5,4.1,3.1,3.2
1,-1073741408,4,4.1,3.1,3.2
1,-1073741413,1.4,3.3,3.1,3.2
1,1073742238,1.4,3.3,3.1,3.2
1,-1073741410,4,4.1,3.1,3.2
1,-2147483237,4,4.1,3.1,3.2
1,1073742237,4,4.1,3.1,3.2
1,1073742231,4,4.1,3.1,3.2
1,1073742240,4,4.1,3.1,3.2
1,1073742241,4,4.1,3.1,3.2
1,-1073741407,4,4.1,3.1,3.2
1,1073742239,4,4.1,3.1,3.2
1,-1073741411,1.1,3.3,3.1,3.2
1,-2147483241,4,4.1,3.1,3.2
1,-1073741404,4,4.1,3.1,3.2
1,-2147483231,4,4.1,3.1,3.2
1,-2147483244,4,4.1,3.1,3.2
1,-1073741400,4,4.1,3.1,3.2
1,1073742247,4,4.1,3.1,3.2
1,-2147483240,4,4.1,3.1,3.2
1,1073742244,4,4.1,3.1,3.2
1,-2147483239,3.5,4.1,3.1,3.2
1,1073742233,4,4.1,3.1,3.2
1,-2147483235,3.5,4.1,3.1,3.2
1,-1073741398,4,4.1,3.1,3.2
1,-2147483234,4,4.1,3.1,3.2
1,1073742243,4,4.1,3.1,3.2
1,-1073741397,4,4.1,3.1,3.2
1,-2147483227,4,4.1,3.1,3.2
1,-2147483236,4,4.1,3.1,3.2
1,-1073741409,4,4.1,3.1,3.2
1,-2147483233,3.6,4.1,3.1,3.2
1,-1073741395,4,4.1,3.1,3.2
1,-2147483226,4,4.1,3.1,3.2
1,-1073741401,4,4.1,3.1,3.2
1,1073742248,4,4.1,3.1,3.2
1,-1073741402,4,4.1,3.1,3.2
1,1073742250,4,4.1,3.1,3.2
1,1073742242,4,4.1,3.1,3.2
1,-1073741406,4,4.1,3.1,3.2
1,-1073741393,4,4.1,3.1,3.2
1,-1073741405,4,4.1,3.1,3.2
1,1073742246,4,4.1,3.1,3.2
1,-2147483232,4,4.1,3.1,3.2
1,-1073741403,4,4.1,3.1,3.2
1,1073742253,4,4.1,3.1,3.2
1,-2147483225,4,4.1,3.1,3.2
1,-1073741394,4,4.1,3.1,3.2
1,1073742245,4,4.1,3.1,3.2
1,1073742249,4,4.1,3.1,3.2
1,-1073741396,4,4.1,3.1,3.2
1,1073742254,4,4.1,3.1,3.2
1,-1073741399,4,4.1,3.1,3.2
1,-2147483221,4,4.1,3.1,3.2
1,-2147483218,4,4.1,3.1,3.2
1,-2147483228,4,4.1,3.1,3.2
1,1073742255,4,4.1,3.1,3.2
1,-2147483220,4,4.1,3.1,3.2
1,-2147483230,4,4.1,3.1,3.2
1,-2147483214,4,4.1,3.1,3.2
1,-1073741392,4,4.1,3.1,3.2
1,1073742260,4,4.1,3.1,3.2
1,-2147483229,4,4.1,3.1,3.2
1,-2147483223,4,4.1,3.1,3.2
1,1073742258,4,4.1,3.1,3.2
1,1073742252,4,4.1,3.1,3.2
1,-1073741390,4,4.1,3.1,3.2
1,1073742251,4,4.1,3.1,3.2
1,1073742256,4,4.1,3.1,3.2
1,-2147483224,4,4.1,3.1,3.2
1,-2147483216,1.1,3.3,3.1,3.2
1,1073742261,4,4.1,3.1,3.2
1,-2147483219,1.1,3.3,3.1,3.2
1,1073742257,4,4.1,3.1,3.2
1,1073742264,3.8,4.1,3.1,3.2
1,-2147483217,4,4.1,3.1,3.2
1,-2147483222,4,4.1,3.1,3.2
1,-1073741391,4,4.1,3.1,3.2
1,-1073741388,4,4.1,3.1,3.2
1,-2147483213,4,4.1,3.1,3.2
1,-1073741389,4,4.1,3.1,3.2
1,-2147483208,1.1,3.3,3.1,3.2
1,-2147483209,4,4.1,3.1,3.2
1,1073742262,4,4.1,3.1,3.2
1,1073742259,4,4.1,3.1,3.2
1,-2147483215,4,4.1,3.1,3.2
1,1073742268,4,4.1,3.1,3.2
1,-1073741380,4,4.1,3.1,3.2
1,-2147483212,4,4.1,3.1,3.2
1,-1073741386,4,4.1,3.1,3.2
1,-2147483211,1.1,3.3,3.1,3.2
1,-2147483207,4,4.1,3.1,3.2
1,-1073741381,4,4.1,3.1,3.2
1,-2147483210,4,4.1,3.1,3.2
1,1073742267,4,4.1,3.1,3.2
1,1073742265,4,4.1,3.1,3.2
1,1073742266,4,4.1,3.1,3.2
1,-1073741385,4,4.1,3.1,3.2
1,-2147483204,4,4.1,3.1,3.2
1,-1073741384,4,4.1,3.1,3.2
1,-1073741382,4,4.1,3.1,3.2
1,1073742263,4,4.1,3.1,3.2
1,-1073741387,4,4.1,3.1,3.2
1,-1073741375,4,4.1,3.1,3.2
1,-2147483201,1.1,3.3,3.1,3.2
1,-2147483206,4,4.1,3.1,3.2
1,-1073741383,4,4.1,3.1,3.2
1,-1073741378,4,4.1,3.1,3.2
1,-2147483202,3.8,4.1,3.1,3.2
1,-1073741377,4,4.1,3.1,3.2
1,1073742273,1.1,3.3,3.1,3.2
1,-2147483200,4,4.1,3.1,3.2
1,1073742272,4,4.1,3.1,3.2
1,-1073741376,4,4.1,3.1,3.2
1,-2147483203,4,4.1,3.1,3.2
1,-2147483196,4,4.1,3.1,3.2
1,1073742271,4,4.1,3.1,3.2
1,1073742270,1.1,3.3,3.1,3.2
1,-2147483198,4,4.1,3.1,3.2
1,1073742275,4,4.1,3.1,3.2
1,-1073741372,4,4.1,3.1,3.2
1,-1073741379,4,4.1,3.1,3.2
1,-2147483205,4,4.1,3.1,3.2
1,1073742269,1.1,3.3,3.1,3.2
1,-1073741374,4,4.1,3.1,3.2
1,-1073741370,4,4.1,3.1,3.2
1,-2147483197,4,4.1,3.1,3.2
1,1073742276,4,4.1,3.1,3.2
1,1073742274,4,4.1,3.1,3.2
1,-1073741371,1.1,3.3,3.1,3.2
1,-2147483194,4,4.1,3.1,3.2
1,-1073741373,4,4.1,3.1,3.2
1,-1073741369,4,4.1,3.1,3.2
1,-2147483195,4,4.1,3.1,3.2
1,1073742277,4,4.1,3.1,3.2
1,-2147483192,4,4.1,3.1,3.2
1,-2147483190,1.4,3.3,3.1,3.2
1,1073742285,4,4.1,3.1,3.2
1,-1073741368,4,4.1,3.1,3.2
1,-2147483189,4,4.1,3.1,3.2
1,-2147483191,4,4.1,3.1,3.2
1,-2147483193,4,4.1,3.1,3.2
1,-2147483199,4,4.1,3.1,3.2
1,1073742288,4,4.1,3.1,3.2
1,1073742279,4,4.1,3.1,3.2
1,-1073741360,4,4.1,3.1,3.2
1,-2147483186,4,4.1,3.1,3.2
1,1073742278,4,4.1,3.1,3.2
1,-2147483184,4,4.1,3.1,3.2
1,1073742282,4,4.1,3.1,3.2
1,1073742281,4,4.1,3.1,3.2
1,-1073741362,4,4.1,3.1,3.2
1,-1073741364,4,4.1,3.1,3.2
1,1073742280,1.1,3.3,3.1,3.2
1,-2147483188,4,4.1,3.1,3.2
1,-1073741366,1.4,3.3,3.1,3.2
1,1073742289,4,4.1,3.1,3.2
1,1073742290,4,4.1,3.1,3.2
1,1073742291,4,4.1,3.1,3.2
1,-1073741359,4,4.1,3.1,3.2
1,1073742283,4,4.1,3.1,3.2
1,1073742284,4,4.1,3.1,3.2
1,-1073741363,4,4.1,3.1,3.2
1,-1073741361,1.1,3.3,3.1,3.2
1,-2147483187,4,4.1,3.1,3.2
1,-1073741367,4,4.1,3.1,3.2
1,-2147483185,4,4.1,3.1,3.2
1,-2147483180,4,4.1,3.1,3.2
1,-2147483182,4,4.1,3.1,3.2
1,1073742286,4,4.1,3.1,3.2
1,1073742287,4,4.1,3.1,3.2
1,-1073741358,4,4.1,3.1,3.2
1,-1073741365,4,4.1,3.1,3.2
1,-1073741354,4,4.1,3.1,3.2
1,-2147483181,4,4.1,3.1,3.2
1,1073742294,1.1,3.3,3.1,3.2
1,-2147483183,4,4.1,3.1,3.2
1,-1073741357,4,4.1,3.1,3.2
1,-2147483177,4,4.1,3.1,3.2
1,1073742298,4,4.1,3.1,3.2
1,1073742296,4,4.1,3.1,3.2
1,-1073741356,4,4.1,3.1,3.2
1,1073742295,4,4.1,3.1,3.2
1,-1073741348,4,4.1,3.1,3.2
1,-1073741352,4,4.1,3.1,3.2
1,1073742300,4,4.1,3.1,3.2
1,-2147483178,4,4.1,3.1,3.2
1,1073742293,4,4.1,3.1,3.2
1,1073742292,4,4.1,3.1,3.2
1,-2147483174,4,4.1,3.1,3.2
1,-2147483176,1.1,3.3,3.1,3.2
1,-1073741355,4,4.1,3.1,3.2
1,-2147483172,4,4.1,3.1,3.2
1,-1073741349,4,4.1,3.1,3.2
1,1073742297,4,4.1,3.1,3.2
1,-1073741353,4,4.1,3.1,3.2
1,-2147483179,1.1,3.3,3.1,3.2
1,-2147483175,4,4.1,3.1,3.2
1,-1073741350,4,4.1,3.1,3.2
1,-2147483171,3.8,4.1,3.1,3.2
1,1073742303,4,4.1,3.1,3.2
1,-1073741346,4,4.1,3.1,3.2
1,1073742301,4,4.1,3.1,3.2
1,-2147483169,4,4.1,3.1,3.2
1,1073742299,4,4.1,3.1,3.2
1,-1073741351,4,4.1,3.1,3.2
1,-1073741347,4,4.1,3.1,3.2
1,1073742304,4,4.1,3.1,3.2
1,-2147483173,4,4.1,3.1,3.2
1,1073742302,4,4.1,3.1,3.2
1,-2147483170,4,4.1,3.1,3.2
1,-1073741344,4,4.1,3.1,3.2
1,-2147483165,4,4.1,3.1,3.2
1,-1073741343,4,4.1,3.1,3.2
1,1073742306,3.8,4.1,3.1,3.2
1,1073742307,4,4.1,3.1,3.2
1,-2147483167,4,4.1,3.1,3.2
1,-2147483168,4,4.1,3.1,3.2
1,1073742309,4,4.1,3.1,3.2
1,-2147483166,4,4.1,3.1,3.2
1,-2147483163,1.1,3.3,3.1,3.2
1,-2147483164,4,4.1,3.1,3.2
1,1073742312,4,4.1,3.1,3.2
1,-2147483159,4,4.1,3.1,3.2
1,-2147483161,4,4.1,3.1,3.2
1,-2147483160,4,4.1,3.1,3.2
1,1073742310,4,4.1,3.1,3.2
1,-1073741336,4,4.1,3.1,3.2
1,-2147483162,4,4.1,3.1,3.2
1,-1073741337,4,4.1,3.1,3.2
1,-1073741345,4,4.1,3.1,3.2
1,1073742305,4,4.1,3.1,3.2
1,-1073741338,4,4.1,3.1,3.2
1,1073742308,4,4.1,3.1,3.2
1,-1073741340,4,4.1,3.1,3.2
1,-1073741339,4,4.1,3.1,3.2
1,-1073741342,4,4.1,3.1,3.2
1,1073742311,4,4.1,3.1,3.2
1,-1073741341,4,4.1,3.1,3.2
1,1073742317,4,4.1,3.1,3.2
1,1073742319,4,4.1,3.1,3.2
1,1073742316,4,4.1,3.1,3.2
1,1073742313,4,4.1,3.1,3.2
1,-1073741335,4,4.1,3.1,3.2
1,-2147483157,4,4.1,3.1,3.2
1,-2147483158,4,4.1,3.1,3.2
1,-1073741331,4,4.1,3.1,3.2
1,1073742321,4,4.1,3.1,3.2
1,-1073741328,4,4.1,3.1,3.2
1,-2147483153,4,4.1,3.1,3.2
1,-2147483154,4,4.1,3.1,3.2
1,1073742324,1.1,3.3,3.1,3.2
1,-1073741326,4,4.1,3.1,3.2
1,-1073741333,1.1,3.3,3.1,3.2
1,1073742314,4,4.1,3.1,3.2
1,-1073741334,4,4.1,3.1,3.2
1,1073742315,4,4.1,3.1,3.2
1,-1073741329,4,4.1,3.1,3.2
1,1073742320,4,4.1,3.1,3.2
1,-1073741332,3.8,4.1,3.1,3.2
1,-2147483156,4,4.1,3.1,3.2
1,-2147483152,4,4.1,3.1,3.2
1,-2147483155,4,4.1,3.1,3.2
1,-2147483149,4,4.1,3.1,3.2
1,-2147483146,1.1,3.3,3.1,3.2
1,-2147483147,4,4.1,3.1,3.2
1,-1073741327,4,4.1,3.1,3.2
1,-1073741323,4,4.1,3.1,3.2
1,1073742322,4,4.1,3.1,3.2
1,-1073741330,4,4.1,3.1,3.2
1,1073742318,4,4.1,3.1,3.2
1,1073742327,4,4.1,3.1,3.2
1,-1073741321,4,4.1,3.1,3.2
1,-2147483144,4,4.1,3.1,3.2
1,-1073741318,4,4.1,3.1,3.2
1,-2147483145,4,4.1,3.1,3.2
1,1073742326,4,4.1,3.1,3.2
1,1073742328,4,4.1,3.1,3.2
1,-1073741319,4,4.1,3.1,3.2
1,-2147483150,4,4.1,3.1,3.2
1,-2147483140,4,4.1,3.1,3.2
1,-1073741325,1.1,3.3,3.1,3.2
1,-2147483148,4,4.1,3.1,3.2
1,1073742323,4,4.1,3.1,3.2
1,1073742325,4,4.1,3.1,3.2
1,-1073741320,4,4.1,3.1,3.2
1,-2147483143,4,4.1,3.1,3.2
1,-2147483139,4,4.1,3.1,3.2
1,-1073741322,4,4.1,3.1,3.2
1,-1073741317,4,4.1,3.1,3.2
1,-2147483151,4,4.1,3.1,3.2
1,-1073741314,4,4.1,3.1,3.2
1,1073742329,4,4.1,3.1,3.2
1,1073742330,4,4.1,3.1,3.2
1,-1073741312,4,4.1,3.1,3.2
1,1073742335,4,4.1,3.1,3.2
1,-1073741316,4,4.1,3.1,3.2
1,1073742334,4,4.1,3.1,3.2
1,1073742331,4,4.1,3.1,3.2
1,-1073741324,4,4.1,3.1,3.2
1,1073742337,4,4.1,3.1,3.2
1,-2147483135,4,4.1,3.1,3.2
1,-2147483142,4,4.1,3.1,3.2
1,1073742336,1.1,3.3,3.1,3.2
1,1073742332,1.1,3.3,3.1,3.2
1,-2147483138,4,4.1,3.1,3.2
1,1073742333,4,4.1,3.1,3.2
1,-2147483132,4,4.1,3.1,3.2
1,-2147483137,4,4.1,3.1,3.2
1,-1073741315,4,4.1,3.1,3.2
1,-2147483141,4,4.1,3.1,3.2
1,1073742340,4,4.1,3.1,3.2
1,1073742338,4,4.1,3.1,3.2
1,-2147483136,4,4.1,3.1,3.2
1,1073742341,4,4.1,3.1,3.2
1,-2147483131,4,4.1,3.1,3.2
1,-1073741313,4,4.1,3.1,3.2
1,1073742342,1.1,3.3,3.1,3.2
1,-1073741309,4,4.1,3.1,3.2
1,1073742346,4,4.1,3.1,3.2
1,-1073741311,4,4.1,3.1,3.2
1,-2147483127,4,4.1,3.1,3.2
1,-1073741310,4,4.1,3.1,3.2
1,-1073741308,4,4.1,3.1,3.2
1,1073742339,4,4.1,3.1,3.2
1,-1073741307,4,4.1,3.1,3.2
1,1073742345,4,4.1,3.1,3.2
1,-2147483129,4,4.1,3.1,3.2
1,-2147483133,4,4.1,3.1,3.2
1,-1073741306,4,4.1,3.1,3.2
1,-2147483125,4,4.1,3.1,3.2
1,1073742343,4,4.1,3.1,3.2
1,-2147483126,4,4.1,3.1,3.2
1,-2147483134,4,4.1,3.1,3.2
1,-1073741305,4,4.1,3.1,3.2
1,1073742347,4,4.1,3.1,3.2
1,-2147483130,4,4.1,3.1,3.2
1,-2147483123,4,4.1,3.1,3.2
1,1073742348,4,4.1,3.1,3.2
1,-1073741298,4,4.1,3.1,3.2
1,1073742349,4,4.1,3.1,3.2
1,-2147483121,4,4.1,3.1,3.2
1,1073742350,4,4.1,3.1,3.2
1,-1073741295,4,4.1,3.1,3.2
1,-2147483124,4,4.1,3.1,3.2
1,-1073741304,4,4.1,3.1,3.2
1,-1073741303,4,4.1,3.1,3.2
1,1073742344,4,4.1,3.1,3.2
1,-1073741300,1.1,3.3,3.1,3.2
1,-2147483128,4,4.1,3.1,3.2
1,-1073741301,4,4.1,3.1,3.2
1,-2147483122,4,4.1,3.1,3.2
1,-1073741297,4,4.1,3.1,3.2
1,-1073741299,4,4.1,3.1,3.2
1,1073742352,4,4.1,3.1,3.2
1,-1073741302,4,4.1,3.1,3.2
1,1073742351,4,4.1,3.1,3.2
1,-2147483116,4,4.1,3.1,3.2
1,-2147483114,4,4.1,3.1,3.2
1,-1073741291,4,4.1,3.1,3.2
1,-2147483115,4,4.1,3.1,3.2
1,-1073741288,3.8,4.1,3.1,3.2
1,1073742358,4,4.1,3.1,3.2
1,1073742357,4,4.1,3.1,3.2
1,1073742359,4,4.1,3.1,3.2
1,-1073741292,3.8,4.1,3.1,3.2
1,-1073741293,4,4.1,3.1,3.2
1,1073742356,4,4.1,3.1,3.2
1,-2147483119,1.1,3.3,3.1,3.2
1,-2147483113,4,4.1,3.1,3.2
1,-1073741289,3.8,4.1,3.1,3.2
1,-2147483117,4,4.1,3.1,3.2
1,-1073741296,4,4.1,3.1,3.2
1,1073742354,3.8,4.1,3.1,3.2
1,-1073741286,4,4.1,3.1,3.2
1,-2147483120,4,4.1,3.1,3.2
1,1073742366,4,4.1,3.1,3.2
1,-1073741287,3.8,4.1,3.1,3.2
1,-2147483112,4,4.1,3.1,3.2
1,-1073741278,4,4.1,3.1,3.2
1,-1073741282,4,4.1,3.1,3.2
1,-2147483107,4,4.1,3.1,3.2
1,-2147483103,4,4.1,3.1,3.2
1,-2147483110,4,4.1,3.1,3.2
1,1073742364,4,4.1,3.1,3.2
1,-1073741275,4,4.1,3.1,3.2
1,-2147483118,4,4.1,3.1,3.2
1,-1073741294,4,4.1,3.1,3.2
1,1073742361,4,4.1,3.1,3.2
1,1073742353,4,4.1,3.1,3.2
1,-2147483104,1.1,3.3,3.1,3.2
1,-2147483102,4,4.1,3.1,3.2
1,1073742360,4,4.1,3.1,3.2
1,-1073741290,4,4.1,3.1,3.2
1,1073742355,4,4.1,3.1,3.2
1,-2147483108,4,4.1,3.1,3.2
1,1073742365,4,4.1,3.1,3.2
1,1073742367,4,4.1,3.1,3.2
1,1073742369,4,4.1,3.1,3.2
1,-1073741281,4,4.1,3.1,3.2
1,-1073741284,4,4.1,3.1,3.2
1,-2147483111,4,4.1,3.1,3.2
1,1073742368,4,4.1,3.1,3.2
1,-2147483109,4,4.1,3.1,3.2
1,1073742362,4,4.1,3.1,3.2
1,-1073741285,4,4.1,3.1,3.2
1,-2147483106,4,4.1,3.1,3.2
1,-1073741283,4,4.1,3.1,3.2
1,-1073741280,4,4.1,3.1,3.2
1,1073742363,4,4.1,3.1,3.2
1,-2147483105,4,4.1,3.1,3.2
1,-2147483094,4,4.1,3.1,3.2
1,-1073741273,1.1,3.3,3.1,3.2
1,-1073741265,1.1,3.3,3.1,3.2
1,-2147483101,4,4.1,3.1,3.2
1,-1073741277,4,4.1,3.1,3.2
1,-2147483097,4,4.1,3.1,3.2
1,-1073741279,4,4.1,3.1,3.2
1,-2147483098,4,4.1,3.1,3.2
1,1073742371,4,4.1,3.1,3.2
1,1073742373,4,4.1,3.1,3.2
1,1073742377,4,4.1,3.1,3.2
1,-1073741268,4,4.1,3.1,3.2
1,-2147483089,4,4.1,3.1,3.2
1,-1073741274,4,4.1,3.1,3.2
1,-2147483091,4,4.1,3.1,3.2
1,-1073741272,4,4.1,3.1,3.2
1,-2147483090,4,4.1,3.1,3.2
1,-1073741270,1.1,3.3,3.1,3.2
1,-1073741262,4,4.1,3.1,3.2
1,1073742370,4,4.1,3.1,3.2
1,-1073741276,4,4.1,3.1,3.2
1,-1073741266,4,4.1,3.1,3.2
1,-1073741260,3.6,4.1,3.1,3.2
1,1073742372,4,4.1,3.1,3.2
1,-1073741271,4,4.1,3.1,3.2
1,1073742374,4,4.1,3.1,3.2
1,1073742380,1.1,3.3,3.1,3.2
1,-1073741269,4,4.1,3.1,3.2
1,-2147483082,4,4.1,3.1,3.2
1,-2147483100,4,4.1,3.1,3.2
1,1073742382,4,4.1,3.1,3.2
1,1073742386,4,4.1,3.1,3.2
1,-2147483092,4,4.1,3.1,3.2
1,-2147483087,4,4.1,3.1,3.2
1,-2147483099,4,4.1,3.1,3.2
1,-2147483095,4,4.1,3.1,3.2
1,1073742376,4,4.1,3.1,3.2
1,1073742384,4,4.1,3.1,3.2
1,1073742378,4,4.1,3.1,3.2
1,-2147483096,4,4.1,3.1,3.2
1,1073742375,4,4.1,3.1,3.2
1,-1073741267,4,4.1,3.1,3.2
1,1073742381,4,4.1,3.1,3.2
1,1073742379,4,4.1,3.1,3.2
1,-2147483085,1.1,3.3,3.1,3.2
1,-2147483084,4,4.1,3.1,3.2
1,1073742391,3.8,4.1,3.1,3.2
1,1073742387,4,4.1,3.1,3.2
1,1073742383,3.8,4.1,3.1,3.2
1,-2147483088,4,4.1,3.1,3.2
1,-2147483083,1.1,3.3,3.1,3.2
1,-2147483093,4,4.1,3.1,3.2
1,-1073741264,4,4.1,3.1,3.2
1,-2147483086,4,4.1,3.1,3.2
1,1073742385,4,4.1,3.1,3.2
1,-2147483077,4,4.1,3.1,3.2
1,-1073741263,1.1,3.3,3.1,3.2
1,1073742389,4,4.1,3.1,3.2
1,-1073741259,4,4.1,3.1,3.2
1,1073742392,4,4.1,3.1,3.2
1,-1073741258,4,4.1,3.1,3.2
1,-2147483081,3.8,4.1,3.1,3.2
1,1073742394,4,4.1,3.1,3.2
1,1073742393,4,4.1,3.1,3.2
1,-1073741256,4,4.1,3.1,3.2
1,1073742397,4,4.1,3.1,3.2
1,-2147483072,3.8,4.1,3.1,3.2
1,-1073741257,4,4.1,3.1,3.2
1,-1073741261,1.1,3.3,3.1,3.2
1,1073742390,4,4.1,3.1,3.2
1,-2147483080,4,4.1,3.1,3.2
1,-2147483078,4,4.1,3.1,3.2
1,1073742388,4,4.1,3.1,3.2
1,-2147483079,4,4.1,3.1,3.2
1,1073742395,4,4.1,3.1,3.2
1,-1073741255,3.6,4.1,3.1,3.2
1,-2147483073,4,4.1,3.1,3.2
1,1073742400,4,4.1,3.1,3.2
1,1073742401,4,4.1,3.1,3.2
1,-1073741252,4,4.1,3.1,3.2
1,-2147483074,4,4.1,3.1,3.2
1,1073742396,4,4.1,3.1,3.2
1,-2147483070,3.6,4.1,3.1,3.2
1,-2147483075,4,4.1,3.1,3.2
1,-1073741251,3.5,4.1,3.1,3.2
1,1073742399,1.1,3.3,3.1,3.2
1,-1073741247,4,4.1,3.1,3.2
1,1073742398,4,4.1,3.1,3.2
1,-2147483076,4,4.1,3.1,3.2
1,1073742405,4,4.1,3.1,3.2
1,1073742403,4,4.1,3.1,3.2
1,-1073741253,1.1,3.3,3.1,3.2
1,-1073741246,4,4.1,3.1,3.2
1,-1073741254,4,4.1,3.1,3.2
1,1073742404,4,4.1,3.1,3.2
1,-2147483069,4,4.1,3.1,3.2
1,-1073741243,4,4.1,3.1,3.2
1,-1073741248,3.8,4.1,3.1,3.2
1,-1073741250,4,4.1,3.1,3.2
1,-1073741249,3.6,4.1,3.1,3.2
1,-2147483068,1.1,3.3,3.1,3.2
1,-2147483071,4,4.1,3.1,3.2
1,1073742406,1.1,3.3,3.1,3.2
1,-1073741244,3.6,4.1,3.1,3.2
1,-2147483066,4,4.1,3.1,3.2
1,1073742402,4,4.1,3.1,3.2
1,-2147483065,4,4.1,3.1,3.2
1,1073742409,4,4.1,3.1,3.2
1,-1073741242,4,4.1,3.1,3.2
1,-2147483064,4,4.1,3.1,3.2
1,-2147483067,4,4.1,3.1,3.2
1,-1073741238,4,4.1,3.1,3.2
1,1073742410,4,4.1,3.1,3.2
1,1073742407,4,4.1,3.1,3.2
1,-1073741245,4,4.1,3.1,3.2
1,1073742412,4,4.1,3.1,3.2
1,-2147483058,4,4.1,3.1,3.2
1,-2147483063,4,4.1,3.1,3.2
1,1073742413,4,4.1,3.1,3.2
1,-1073741241,3.6,4.1,3.1,3.2
1,-2147483061,4,4.1,3.1,3.2
1,1073742408,4,4.1,3.1,3.2
1,-1073741239,4,4.1,3.1,3.2
1,1073742414,4,4.1,3.1,3.2
1,1073742416,4,4.1,3.1,3.2
1,-1073741240,4,4.1,3.1,3.2
1,-1073741235,4,4.1,3.1,3.2
1,-2147483057,4,4.1,3.1,3.2
1,-2147483060,4,4.1,3.1,3.2
1,-2147483053,4,4.1,3.1,3.2
1,-2147483059,4,4.1,3.1,3.2
1,1073742417,4,4.1,3.1,3.2
1,-1073741237,3.6,4.1,3.1,3.2
1,-1073741236,4,4.1,3.1,3.2
1,-2147483056,1.1,3.3,3.1,3.2
1,1073742421,4,4.1,3.1,3.2
1,-1073741228,4,4.1,3.1,3.2
1,-1073741234,4,4.1,3.1,3.2
1,1073742418,4,4.1,3.1,3.2
1,-2147483050,4,4.1,3.1,3.2
1,-2147483052,4,4.1,3.1,3.2
1,1073742415,4,4.1,3.1,3.2
1,1073742420,4,4.1,3.1,3.2
1,-2147483054,4,4.1,3.1,3.2
1,-2147483055,4,4.1,3.1,3.2
1,-1073741231,4,4.1,3.1,3.2
1,1073742419,4,4.1,3.1,3.2
1,-2147483062,4,4.1,3.1,3.2
1,1073742411,4,4.1,3.1,3.2
1,-2147483051,4,4.1,3.1,3.2
1,-1073741229,4,4.1,3.1,3.2
1,-1073741232,4,4.1,3.1,3.2
1,1073742425,4,4.1,3.1,3.2
1,-1073741233,4,4.1,3.1,3.2
1,-1073741226,1.1,3.3,3.1,3.2
1,1073742423,4,4.1,3.1,3.2
1,-2147483049,4,4.1,3.1,3.2
1,-2147483046,4,4.1,3.1,3.2
1,-1073741227,4,4.1,3.1,3.2
1,-1073741223,1.1,3.3,3.1,3.2
1,-1073741230,4,4.1,3.1,3.2
1,-2147483047,4,4.1,3.1,3.2
1,1073742424,4,4.1,3.1,3.2
1,1073742422,4,4.1,3.1,3.2
1,-2147483048,4,4.1,3.1,3.2
1,-2147483045,4,4.1,3.1,3.2
1,-1073741225,4,4.1,3.1,3.2
1,1073742426,4,4.1,3.1,3.2
1,1073742428,4,4.1,3.1,3.2
1,-1073741224,3.6,4.1,3.1,3.2
1,1073742427,4,4.1,3.1,3.2
1,-1073741222,4,4.1,3.1,3.2
1,-1073741221,4,4.1,3.1,3.2
